{"cameraMode":{"drawMode":0,"name":"Shaded","section":"Shading Mode"},"sceneLighting":true,"audioPlay":false,"sceneViewState":{"m_AlwaysRefresh":false,"showFog":true,"showSkybox":true,"showFlares":true,"showImageEffects":true,"showParticleSystems":true,"showVisualEffectGraphs":true,"m_FxEnabled":true},"in2DMode":false,"pivot":{"x":-0.15702521800994874,"y":0.4637244939804077,"z":-0.12274280190467835},"rotation":{"x":-0.037455420941114429,"y":0.6304620504379273,"z":-0.030481088906526567,"w":-0.7747164964675903},"size":0.32633745670318606,"orthographic":false}